review_id,hard
1,0
2,0
3,1
4,0
5,0
6,0
7,0
8,0
9,0
10,0
11,0
12,0
13,0
14,1
15,1
16,0
17,1
18,0
19,0
20,0
21,0
22,0
23,0
24,0
25,1
26,0
27,0
28,0
29,1
30,0
31,0
32,1
33,1
34,1
35,0
36,0
37,0
38,1
39,0
40,0
41,0
42,0
43,0
44,0
45,1
46,0
47,0
48,0
49,0
50,0
51,0
52,0
53,1
54,0
55,0
56,0
57,0
58,1
59,1
60,0
61,0
62,0
63,1
64,0
65,0
66,1
67,0
68,1
69,0
70,1
71,0
72,0
73,1
74,0
75,1
76,0
77,0
78,1
79,0
80,0
81,0
82,0
83,0
84,0
85,1
86,1
87,1
88,1
89,1
90,1
91,1
92,1
93,1
94,1
95,1
96,0
97,1
98,1
99,0
100,1
101,1
102,1
103,1
104,1
105,0
106,0
107,1
108,1
109,0
110,0
111,1
112,0
113,0
114,1
