month,currency,per_usd,usd_per_unit
2024-12,EUR,0.96256,1.038896
2024-12,GBP,0.79813,1.252929
2024-12,USD,1.0,1.0
2025-01,EUR,0.965892,1.035312
2025-01,GBP,0.810463,1.233863
2025-01,USD,1.0,1.0
2025-02,EUR,0.96042,1.041211
2025-02,GBP,0.797842,1.253381
2025-02,USD,1.0,1.0
2025-03,EUR,0.92544,1.080568
2025-03,GBP,0.774578,1.291026
2025-03,USD,1.0,1.0
2025-04,EUR,0.892066,1.120993
2025-04,GBP,0.761556,1.313102
2025-04,USD,1.0,1.0
2025-05,EUR,0.886719,1.127754
2025-05,GBP,0.747937,1.337011
2025-05,USD,1.0,1.0
2025-06,EUR,0.868414,1.151524
2025-06,GBP,0.737957,1.355093
2025-06,USD,1.0,1.0
2025-07,EUR,0.856441,1.167622
2025-07,GBP,0.740557,1.350335
2025-07,USD,1.0,1.0
2025-08,EUR,0.859769,1.163103
2025-08,GBP,0.743943,1.344189
2025-08,USD,1.0,1.0
2025-09,EUR,0.852371,1.173198
2025-09,GBP,0.740661,1.350145
2025-09,USD,1.0,1.0
2025-10,EUR,0.859833,1.163016
2025-10,GBP,0.749392,1.334415
2025-10,USD,1.0,1.0
2025-11,EUR,0.865048,1.156005
2025-11,GBP,0.76121,1.313699
2025-11,USD,1.0,1.0
2025-12,EUR,0.854083,1.170846
2025-12,GBP,0.747326,1.338104
2025-12,USD,1.0,1.0
2026-01,EUR,0.851994,1.173717
2026-01,GBP,0.73977,1.351771
2026-01,USD,1.0,1.0
2026-02,EUR,0.845752,1.182379
2026-02,GBP,0.736072,1.358563
2026-02,USD,1.0,1.0
2026-03,EUR,0.865201,1.155801
2026-03,GBP,0.749525,1.334179
2026-03,USD,1.0,1.0
2026-04,EUR,0.854266,1.170596
2026-04,GBP,0.742646,1.346537
2026-04,USD,1.0,1.0
2026-05,EUR,0.856686,1.167289
2026-05,GBP,0.74159,1.348455
2026-05,USD,1.0,1.0
2026-06,EUR,0.868275,1.151709
2026-06,GBP,0.749939,1.333442
2026-06,USD,1.0,1.0
